{
    "calib_meta": {
        "creator": "inc_calib",
        "do_time": "2022-01-25-06-51-34",
        "residual": 0.3610337337789137
    },
    "camera_left": {
        "Tcb": {
            "quaternion": [
                0.648754596881198,
                0.262456418738275,
                -0.276373118671373,
                0.65867442683351
            ],
            "translation": [
                0.07181041,
                -0.13441409,
                -0.14789402
            ]
        },
        "height": 1920,
        "name": "camera_left",
        "param": [
            522.6439454263076,
            522.7972650029271,
            543.3751551559554,
            966.4088232394538,
            -0.020372345266862348,
            0.0011467506277607713,
            -0.002556344524087611,
            0.00033670405285301613
        ],
        "width": 1080
    },
    "camera_list": [
        "camera_left",
        "camera_right"
    ],
    "camera_right": {
        "Tcb": {
            "quaternion": [
                0.6500502188323066,
                0.2644044427233131,
                -0.2741278487155602,
                0.6575552647670184
            ],
            "translation": [
                -0.004023281454312244,
                -0.13488137568439054,
                -0.1484599850888663
            ]
        },
        "height": 1920,
        "name": "camera_right",
        "param": [
            522.3724164680928,
            522.4395082066729,
            538.228048610087,
            964.3370889297579,
            -0.017427345145029426,
            -0.0029770393058335134,
            -0.000670190497765953,
            4.064983987778204e-05
        ],
        "width": 1080
    }
}